<application>
  <component name="FileTypeManager" version="17">
    <extensionMap>
      <mapping pattern="html" type="PLAIN_TEXT" />
      <mapping pattern="ZHY.txt" type="PLAIN_TEXT" />
      <mapping pattern="讯飞语法备份" type="PLAIN_TEXT" />
      <mapping pattern="Js接口说明" type="PLAIN_TEXT" />
      <mapping pattern="Socket通信格式" type="PLAIN_TEXT" />
      <mapping pattern="12#3 RFID扫码接口文档" type="PLAIN_TEXT" />
      <mapping ext="text" type="PLAIN_TEXT" />
    </extensionMap>
  </component>
</application>